;DATE;YEAR;MONTH;DAY;Hsig;Avg_W_Tmp1;Avg_W_Tmp2;Avg_Sal;Avg_Wv_Dir;Avg_Wv_Dir_N;Avg_Cel1_Mag;Avg_Cel1_Dir;Avg_Cel1_Dir_N;M_Decl;Avg_Turb;Avg_Chl;Avg_DO;HAvg
0;2020-01-01;2020,0;1,0;1,0;1,0;23,94;23,98;27,08;136,51;121,07;275,91;152,3;161,4;-15,44;17,9;0,74;4,15;0,65
1;2020-01-02;2020,0;1,0;2,0;1,85;23,49;23,56;29,03;149,8;134,36;214,38;45,37;59,93;-15,45;21,16;0,59;4,32;1,17
2;2020-01-03;2020,0;1,0;3,0;1,73;23,53;23,6;28,68;125,76;115,2;301,7;246,51;233,43;-15,45;23,37;0,81;4,2;1,1
3;2020-01-04;2020,0;1,0;4,0;1,65;23,74;23,8;22,73;120,49;110,03;16678,54;215,91;200,47;-15,45;28,38;1,26;4,04;1,05
4;2020-01-05;2020,0;1,0;5,0;1,14;23,95;23,98;18,52;112,51;102,68;292,73;195,7;180,25;-15,45;27,52;0,92;3,35;0,73
5;2020-01-06;2020,0;1,0;6,0;1,02;24,12;24,16;21,91;103,26;87,81;12880,91;201,78;186,33;-15,45;23,55;0,89;3,75;0,66
6;2020-01-07;2020,0;1,0;7,0;0,87;24,3;24,36;24,81;151,92;136,47;147,27;255,9;248,63;-15,45;26,87;0,62;4,0;0,56
7;2020-01-08;2020,0;1,0;8,0;0,82;24,18;24,24;28,53;134,76;119,31;241,82;132,73;125,46;-15,45;22,09;0,59;4,18;0,53
8;2020-01-09;2020,0;1,0;9,0;0,77;24,66;24,69;24,48;100,47;85,02;3534,65;203,14;187,69;-15,45;25,0;0,87;3,06;0,5
9;2020-01-10;2020,0;1,0;10,0;0,61;25,12;25,17;23,4;103,27;87,82;148,33;143,59;138,14;-15,45;23,57;0,81;3,54;0,4
10;2020-01-11;2020,0;1,0;11,0;0,7;24,92;24,97;29,63;137,12;121,67;190,91;107,73;133,19;-15,45;20,77;0,51;4,05;0,46
11;2020-01-12;2020,0;1,0;12,0;0,75;25,27;25,31;30,15;142,54;127,09;107,67;185,27;169,82;-15,45;17,17;0,52;3,89;0,49
12;2020-01-13;2020,0;1,0;13,0;0,93;24,94;25,0;29,81;159,13;143,68;71,28;140,99;133,19;-15,45;17,16;0,37;4,22;0,6
13;2020-01-14;2020,0;1,0;14,0;1,09;25,12;25,17;28,54;102,59;87,14;8132,71;229,55;214,1;-15,45;19,77;0,62;3,82;0,72
14;2020-01-15;2020,0;1,0;15,0;0,92;25,43;25,47;23,41;111,97;102,16;13239,07;191,84;180,21;-15,45;38,59;0,96;2,78;0,6
15;2020-01-16;2020,0;1,0;16,0;1,47;24,03;24,1;30,27;185,62;170,17;1558,0;74,17;58,72;-15,45;33,29;0,75;3,57;0,95
16;2020-01-17;2020,0;1,0;17,0;1,33;24,39;24,46;30,34;178,53;163,08;437,61;61,27;45,82;-15,45;33,25;0,68;3,5;0,84
17;2020-01-18;2020,0;1,0;18,0;1,57;24,27;24,33;30,46;153,34;137,89;253,33;152,42;136,97;-15,45;27,53;0,58;3,34;0,95
18;2020-01-19;2020,0;1,0;19,0;1,16;24,35;24,41;29,62;134,64;119,19;516,58;228,12;212,67;-15,45;34,3;0,98;2,76;0,72
19;2020-01-20;2020,0;1,0;20,0;0,93;24,69;24,73;25,62;108,36;92,91;439,2;211,65;196,2;-15,45;31,61;0,83;2,83;0,6
20;2020-01-21;2020,0;1,0;21,0;1,07;24,66;24,7;25,12;97,58;82,13;1559,05;215,79;200,34;-15,45;22,66;0,74;3,33;0,7
21;2020-01-22;2020,0;1,0;22,0;1,23;24,97;25,0;21,2;99,24;83,79;24357,5;222,14;206,69;-15,45;30,96;0,86;3,68;0,81
22;2020-01-23;2020,0;1,0;23,0;1,31;25,01;25,05;20,49;109,59;94,14;470,42;220,65;205,2;-15,45;24,75;0,76;3,76;0,85
23;2020-01-24;2020,0;1,0;24,0;1,21;25,17;25,19;19,72;110,34;94,89;395,43;205,89;190,44;-15,45;28,55;0,71;2,99;0,77
24;2020-01-25;2020,0;1,0;25,0;1,19;25,07;25,13;26,9;116,7;101,25;245,71;196,97;181,52;-15,45;23,03;0,86;3,01;0,72
25;2020-01-26;2020,0;1,0;26,0;0,88;25,03;25,08;30,19;122,05;106,6;166,51;206,55;207,85;-15,45;25,99;0,58;2,91;0,55
26;2020-01-27;2020,0;1,0;27,0;1,15;24,63;24,69;32,0;158,3;142,85;366,17;112,81;97,36;-15,45;24,77;0,85;3,4;0,75
27;2020-01-28;2020,0;1,0;28,0;1,14;24,7;24,76;32,47;146,93;136,55;257,07;90,42;89,96;-15,45;23,34;0,92;3,15;0,73
28;2020-01-29;2020,0;1,0;29,0;0,96;24,9;24,95;32,18;110,14;94,69;478,3;229,38;213,93;-15,45;25,83;1,04;2,38;0,63
29;2020-01-30;2020,0;1,0;30,0;0,8;25,05;25,1;31,27;140,05;124,6;178,51;92,94;85,15;-15,45;12,43;0,73;0,83;0,52
30;2020-01-31;2020,0;1,0;31,0;1,08;24,72;24,78;32,23;152,81;137,36;54,29;114,73;99,28;-15,46;15,7;0,6;2,52;0,69
31;2020-02-01;2020,0;2,0;1,0;0,81;25,11;25,19;32,53;144,1;128,64;34,57;185,15;169,69;-15,46;14,39;0,72;1,79;0,52
32;2020-02-02;2020,0;2,0;2,0;0,93;25,23;25,29;30,62;97,62;82,16;349,51;200,8;185,34;-15,46;16,13;0,83;2,7;0,61
33;2020-02-03;2020,0;2,0;3,0;1,04;25,4;25,45;25,78;99,86;84,4;531,78;225,55;210,09;-15,46;12,97;0,79;3,62;0,68
34;2020-02-04;2020,0;2,0;4,0;1,29;25,29;25,33;22,29;99,73;84,27;28922,55;222,38;206,92;-15,46;21,88;0,98;3,63;0,85
35;2020-02-05;2020,0;2,0;5,0;1,34;25,26;25,3;20,99;99,63;84,17;39435,43;222,58;207,12;-15,46;25,28;0,98;3,58;0,88
36;2020-02-06;2020,0;2,0;6,0;1,26;25,39;25,43;21,09;103,17;93,06;11275,96;211,07;198,71;-15,46;17,51;0,8;3,34;0,81
37;2020-02-07;2020,0;2,0;7,0;1,24;25,57;25,59;21,79;104,4;88,94;2484,47;210,33;194,87;-15,46;12,68;0,68;3,23;0,79
38;2020-02-08;2020,0;2,0;8,0;1,06;25,49;25,52;24,91;109,33;93,87;391,67;225,91;210,45;-15,46;11,6;0,66;2,7;0,68
39;2020-02-09;2020,0;2,0;9,0;1,45;24,09;24,16;32,45;180,98;165,52;465,0;58,33;42,87;-15,46;11,69;0,65;2,93;0,94
40;2020-02-10;2020,0;2,0;10,0;1,31;24,36;24,43;32,41;168,58;153,12;431,88;75,51;67,55;-15,46;10,67;0,77;1,22;0,83
41;2020-02-11;2020,0;2,0;11,0;1,17;24,36;24,43;32,48;133,67;118,21;159,58;241,84;226,38;-15,46;7,65;0,7;0,21;0,75
42;2020-02-12;2020,0;2,0;12,0;1,45;24,09;24,15;32,38;110,94;95,48;504,89;241,64;226,18;-15,46;17,05;0,82;1,55;0,94
43;2020-02-13;2020,0;2,0;13,0;1,28;23,92;23,98;27,79;103,91;88,45;22563,26;222,29;206,83;-15,46;13,14;0,92;0,94;0,84
44;2020-02-14;2020,0;2,0;14,0;1,2;23,98;24,04;24,28;104,97;89,51;26193,66;202,82;187,36;-15,46;11,57;0,85;0,04;0,78
45;2020-02-15;2020,0;2,0;15,0;0,82;24,56;24,59;30,57;104,55;89,09;109,75;169,94;163,48;-15,46;3,39;0,53;0,04;0,52
46;2020-02-16;2020,0;2,0;16,0;0,78;24,85;24,9;30,84;104,7;89,24;280,91;200,55;185,09;-15,46;2,88;0,86;2,22;0,49
47;2020-02-17;2020,0;2,0;17,0;0,98;24,5;24,54;32,03;96,14;80,68;365,12;202,24;186,78;-15,46;2,95;1,23;4,48;0,63
48;2020-02-18;2020,0;2,0;18,0;0,93;24,03;24,09;33,76;128,88;113,42;154,63;114,3;116,41;-15,46;1,52;1,11;4,53;0,59
49;2020-02-19;2020,0;2,0;19,0;0,91;24,41;24,47;32,84;166,76;151,3;288,04;84,45;100,29;-15,46;0,52;0,51;4,55;0,57
50;2020-02-20;2020,0;2,0;20,0;0,91;24,46;24,52;32,61;164,4;148,94;158,75;103,03;98,82;-15,46;1,14;0,46;4,57;0,57
51;2020-02-21;2020,0;2,0;21,0;2,04;23,71;23,78;32,73;188,57;173,11;6729,35;78,84;63,38;-15,46;32,73;1,49;4,37;1,31
52;2020-02-22;2020,0;2,0;22,0;2,18;22,98;23,06;32,64;176,69;161,23;6997,5;79,3;63,84;-15,46;36,42;1,6;4,29;1,38
53;2020-02-23;2020,0;2,0;23,0;1,53;22,68;22,62;32,34;160,24;144,78;274,67;91,5;84,7;-15,46;13,99;1,1;4,19;0,95
54;2020-02-24;2020,0;2,0;24,0;1,0;22,79;;32,42;113,14;97,68;532,59;236,83;237,26;-15,46;20,92;1,31;4,27;0,64
55;2020-02-25;2020,0;2,0;25,0;0,79;23,53;;31,62;120,6;105,14;257,69;232,58;239,08;-15,46;7,58;1,18;4,11;0,51
56;2020-02-26;2020,0;2,0;26,0;1,3;22,89;;32,59;183,79;168,33;505,0;56,56;64,44;-15,46;19,83;1,32;4,4;0,84
57;2020-02-27;2020,0;2,0;27,0;0,93;23,2;;32,46;182,46;171,55;346,67;60,58;63,58;-15,46;14,85;1,25;4,51;0,59
58;2020-02-28;2020,0;2,0;28,0;0,56;23,38;;32,44;153,35;137,89;182,25;249,15;236,4;-15,46;7,52;1,16;4,3;0,35
59;2020-02-29;2020,0;2,0;29,0;0,5;23,05;;32,44;127,6;112,13;121,18;252,66;243,16;-15,46;4,81;1,14;4,42;0,32
60;2020-03-09;2020,0;3,0;9,0;0,86;25,3;;29,1;112,53;270,29;167,5;257,98;262,91;-15,47;2,46;1,74;4,22;0,54
61;2020-03-10;2020,0;3,0;10,0;1,04;24,32;;31,63;136,73;121,26;250,3;93,65;128,39;-15,47;1,84;1,18;4,52;0,66
62;2020-03-11;2020,0;3,0;11,0;1,17;24,1;;31,17;119,42;103,95;2732,0;228,25;212,78;-15,47;3,18;0,99;4,34;0,77
63;2020-03-12;2020,0;3,0;12,0;1,14;24,51;;30,18;110,87;95,4;4003,08;207,85;192,38;-15,47;12,15;1,65;3,93;0,73
64;2020-03-13;2020,0;3,0;13,0;0,86;24,43;;30,58;113,31;97,84;123,24;219,31;223,29;-15,47;2,82;1,31;4,46;0,55
65;2020-03-14;2020,0;3,0;14,0;0,8;24,53;;30,55;99,93;84,46;526,86;213,62;237,79;-15,47;6,14;1,44;4,19;0,52
66;2020-03-15;2020,0;3,0;15,0;0,83;24,44;;31,92;158,41;147,14;306,89;97,9;151,31;-15,47;3,26;1,2;4,37;0,54
67;2020-03-16;2020,0;3,0;16,0;1,07;24,25;;32,59;155,53;140,06;128,54;137,6;122,13;-15,47;7,4;1,25;4,29;0,68
68;2020-03-17;2020,0;3,0;17,0;1,04;24,24;;32,54;132,89;117,42;315,87;239,43;228,99;-15,47;8,01;1,21;4,3;0,67
69;2020-03-18;2020,0;3,0;18,0;1,46;24,03;;32,02;105,84;90,37;5719,32;233,97;218,5;-15,47;17,42;1,45;4,37;0,95
70;2020-03-19;2020,0;3,0;19,0;1,47;23,78;;32,18;154,59;139,12;162,86;131,21;187,74;-15,47;4,92;0,97;4,37;0,92
71;2020-03-20;2020,0;3,0;20,0;1,06;23,68;;32,82;183,4;172,04;406,98;59,41;43,94;-15,47;11,6;1,08;4,38;0,69
72;2020-03-21;2020,0;3,0;21,0;0,7;24,28;;32,71;150,7;135,23;300,65;117,62;112,25;-15,47;9,17;1,24;4,24;0,45
73;2020-03-22;2020,0;3,0;22,0;0,65;24,1;;32,5;124,48;109,01;88,84;216,0;211,98;-15,47;4,54;1,25;4,28;0,41
74;2020-03-23;2020,0;3,0;23,0;0,86;23,98;;32,5;95,45;79,98;256,9;237,23;221,76;-15,47;3,48;1,43;4,41;0,57
75;2020-03-24;2020,0;3,0;24,0;1,15;24,11;;29,61;88,54;81,55;9261,25;217,14;201,67;-15,47;7,61;1,44;4,33;0,76
76;2020-03-25;2020,0;3,0;25,0;0,91;24,05;;26,68;94,6;93,87;15783,89;207,07;191,6;-15,47;8,69;1,39;4,51;0,59
77;2020-03-26;2020,0;3,0;26,0;0,78;23,89;;31,71;95,41;79,94;162,06;192,63;177,16;-15,47;2,95;1,19;4,41;0,51
78;2020-03-27;2020,0;3,0;27,0;1,01;23,93;;31,01;94,04;78,57;1767,18;225,42;209,95;-15,47;4,03;1,25;4,33;0,67
79;2020-03-28;2020,0;3,0;28,0;1,26;23,95;;25,6;96,21;80,74;24070,98;213,85;201,86;-15,47;7,68;1,22;4,61;0,83
80;2020-03-29;2020,0;3,0;29,0;0,97;24,3;;24,94;105,15;89,67;228,26;210,07;245,99;-15,47;4,66;0,96;4,39;0,62
81;2020-03-30;2020,0;3,0;30,0;0,75;24,53;;31,7;122,38;106,91;235,28;196,5;211,03;-15,47;2,45;1,06;4,51;0,47
82;2020-03-31;2020,0;3,0;31,0;1,08;24,54;;32,43;132,71;117,24;132,63;227,92;212,44;-15,47;2,65;0,99;4,71;0,69
83;2020-04-01;2020,0;4,0;1,0;1,6;24,21;;33,28;114,62;99,14;487,95;239,1;232,26;-15,48;17,4;1,35;4,47;1,02
84;2020-04-02;2020,0;4,0;2,0;1,49;23,81;;33,14;166,29;150,81;2468,33;205,32;246,83;-15,48;38,02;1,34;4,45;0,95
85;2020-04-03;2020,0;4,0;3,0;3,0;23,18;;33,24;177,46;161,98;19997,37;125,75;227,4;-15,48;114,63;1,7;4,35;1,95
86;2020-04-04;2020,0;4,0;4,0;3,4;22,86;;32,66;144,06;128,58;424,52;66,27;68,59;-15,48;23,94;1,28;3,94;2,2
87;2020-04-05;2020,0;4,0;5,0;2,54;22,62;;32,5;134,19;118,71;385,0;221,04;205,56;-15,48;20,18;1,3;3,84;1,63
88;2020-04-06;2020,0;4,0;6,0;1,52;22,8;;32,63;142,4;126,92;226,83;238,15;228,34;-15,48;11,8;1,06;4,0;0,94
89;2020-04-07;2020,0;4,0;7,0;2,22;22,01;;32,67;181,4;165,92;8422,33;83,09;120,0;-15,48;110,67;2,07;4,24;1,4
90;2020-04-08;2020,0;4,0;8,0;2,43;21,22;;32,59;175,37;159,89;2335,0;66,79;109,95;-15,48;95,98;1,92;4,22;1,52
91;2020-04-09;2020,0;4,0;9,0;2,38;21,11;;32,56;165,72;150,24;511,11;61,93;120,97;-15,48;45,82;1,38;4,34;1,47
92;2020-04-10;2020,0;4,0;10,0;2,26;21,01;;32,5;154,97;139,49;347,27;61,39;45,91;-15,48;24,05;1,09;4,37;1,4
93;2020-04-11;2020,0;4,0;11,0;2,38;21,06;;32,47;140,89;125,41;111,35;188,84;192,82;-15,48;12,52;1,07;4,25;1,49
94;2020-04-12;2020,0;4,0;12,0;1,51;20,73;;32,24;132,97;117,49;277,44;226,48;214,34;-15,48;10,25;1,35;3,94;0,93
95;2020-04-13;2020,0;4,0;13,0;1,18;20,52;;31,36;116,07;100,59;387,5;224,86;247,5;-15,48;11,42;1,6;3,09;0,74
96;2020-04-14;2020,0;4,0;14,0;0,98;20,6;;31,83;178,49;163,01;308,26;197,24;259,44;-15,48;13,24;1,22;3,02;0,63
97;2020-04-15;2020,0;4,0;15,0;1,76;20,13;;32,54;217,38;201,9;;;344,52;-15,48;111,02;1,95;4,47;1,13
98;2020-04-16;2020,0;4,0;16,0;1,56;19,82;;32,49;198,59;183,11;;;344,52;-15,48;75,92;1,64;4,51;0,99
99;2020-04-17;2020,0;4,0;17,0;1,22;19,94;;32,51;169,69;154,21;;;344,52;-15,48;16,26;1,24;4,24;0,77
100;2020-04-18;2020,0;4,0;18,0;0,88;20,02;;32,36;144,21;128,73;;;344,52;-15,48;8,33;1,09;2,35;0,56
101;2020-04-19;2020,0;4,0;19,0;0,9;20,03;;30,51;119,31;103,83;;;344,52;-15,48;9,02;1,24;1,38;0,59
102;2020-04-20;2020,0;4,0;20,0;0,79;20,47;;27,05;110,5;95,02;;;344,52;-15,48;8,12;1,48;4,58;0,51
103;2020-04-21;2020,0;4,0;21,0;0,54;20,6;21,14;30,91;121,13;105,65;187,33;55,79;220,12;-15,48;4,24;1,37;4,66;0,35
104;2020-04-22;2020,0;4,0;22,0;0,82;20,69;20,8;31,4;146,34;136,63;97,84;218,64;222,62;-15,48;1,39;2,59;5,37;0,53
105;2020-04-23;2020,0;4,0;23,0;0,9;21,19;21,3;31,79;133,13;117,65;189,41;211,38;195,9;-15,48;3,08;2,63;5,42;0,58
106;2020-04-24;2020,0;4,0;24,0;1,05;21,14;21,24;30,72;116,96;101,48;474,38;218,04;202,56;-15,48;6,43;1,8;4,94;0,68
107;2020-04-25;2020,0;4,0;25,0;0,9;21,88;21,91;27,4;115,61;100,13;252,5;196,49;181,01;-15,48;5,01;1,32;4,78;0,57
108;2020-04-26;2020,0;4,0;26,0;1,16;21,12;21,22;30,32;143,97;128,49;187,78;128,61;153,13;-15,48;2,64;1,47;5,18;0,75
109;2020-04-27;2020,0;4,0;27,0;1,75;20,81;20,91;31,4;116,24;100,76;1870,61;201,03;218,27;-15,48;26,88;1,56;4,98;1,13
110;2020-04-28;2020,0;4,0;28,0;1,66;20,63;20,73;24,21;119,55;104,06;18858,84;213,93;198,44;-15,48;48,83;1,79;4,95;1,07
111;2020-04-29;2020,0;4,0;29,0;1,16;20,65;20,76;28,74;150,34;134,85;414,65;102,09;86,6;-15,48;10,2;1,2;4,71;0,73
112;2020-04-30;2020,0;4,0;30,0;1,59;20,34;20,44;32,7;181,05;165,56;607,5;52,98;37,49;-15,49;22,87;1,43;4,7;0,99
113;2020-05-01;2020,0;5,0;1,0;1,35;19,89;20,0;31,8;187,53;172,04;244,47;80,97;65,48;-15,49;18,05;1,28;4,6;0,85
114;2020-05-02;2020,0;5,0;2,0;2,01;19,73;19,84;31,85;165,04;149,55;300,3;48,94;44,36;-15,49;14,92;1,23;4,74;1,23
115;2020-05-03;2020,0;5,0;3,0;1,58;19,6;19,7;31,99;147,98;132,49;289,33;124,79;109,3;-15,49;15,35;1,32;4,55;0,99
116;2020-05-04;2020,0;5,0;4,0;1,31;19,2;19,29;31,35;131,34;115,85;608,12;219,22;203,74;-15,49;19,67;1,55;4,74;0,8
117;2020-05-05;2020,0;5,0;5,0;0,98;19,3;19,38;31,6;162,69;147,2;247,71;95,75;90,55;-15,49;6,4;1,33;4,86;0,61
118;2020-05-06;2020,0;5,0;6,0;1,83;19,02;19,12;32,18;200,77;185,28;8353,61;82,97;67,48;-15,49;62,44;1,84;4,89;1,18
119;2020-05-07;2020,0;5,0;7,0;1,74;18,31;18,42;32,0;175,64;160,15;431,67;58,3;42,81;-15,49;38,2;1,14;4,84;1,08
120;2020-05-08;2020,0;5,0;8,0;1,16;18,21;18,32;31,92;164,18;148,69;113,64;132,95;125,64;-15,49;13,28;0,85;4,77;0,72
121;2020-05-09;2020,0;5,0;9,0;0,7;17,83;17,93;31,84;127,27;111,78;381,07;228,09;212,6;-15,49;12,24;1,11;4,93;0,43
122;2020-05-10;2020,0;5,0;10,0;0,57;17,61;17,72;30,68;104,2;88,71;395,53;210,44;194,95;-15,49;9,63;1,36;5,11;0,37
123;2020-05-11;2020,0;5,0;11,0;0,73;17,98;18,07;30,43;118,96;103,47;325,59;131,55;116,06;-15,49;6,06;1,35;5,04;0,47
124;2020-05-12;2020,0;5,0;12,0;1,05;18,16;18,26;32,23;165,46;149,97;311,25;61,37;45,88;-15,49;10,76;1,1;4,92;0,68
125;2020-05-13;2020,0;5,0;13,0;1,06;17,95;18,06;32,11;157,22;141,73;171,32;87,7;81,68;-15,49;15,13;1,03;4,82;0,69
126;2020-05-14;2020,0;5,0;14,0;1,28;17,74;17,85;31,88;196,49;181,0;470,77;59,43;43,94;-15,49;32,52;1,14;5,02;0,82
127;2020-05-15;2020,0;5,0;15,0;0,79;17,51;17,62;31,65;179,86;164,37;244,57;148,55;133,06;-15,49;17,12;0,95;4,94;0,49
128;2020-05-16;2020,0;5,0;16,0;0,52;17,09;17,2;31,65;216,11;200,62;185,21;240,92;225,43;-15,49;15,37;1,04;5,01;0,34
129;2020-05-17;2020,0;5,0;17,0;0,48;17,01;17,13;31,57;209,34;193,85;86,25;203,81;188,32;-15,49;8,29;1,04;4,88;0,31
130;2020-05-18;2020,0;5,0;18,0;0,71;17,34;17,44;31,69;176,04;160,55;195,0;78,19;62,7;-15,49;5,15;0,92;5,04;0,43
131;2020-05-19;2020,0;5,0;19,0;1,2;17,45;17,55;30,67;125,79;110,3;2563,02;217,68;202,19;-15,49;16,24;1,29;5,12;0,76
132;2020-05-20;2020,0;5,0;20,0;0,91;17,76;17,86;28,4;109,39;93,9;403,42;187,5;172,01;-15,49;12,21;1,4;5,12;0,59
133;2020-05-21;2020,0;5,0;21,0;0,88;17,8;17,9;31,59;105,84;90,35;232,96;71,77;56,28;-15,49;4,27;1,21;5,04;0,57
134;2020-05-22;2020,0;5,0;22,0;0,96;17,85;17,95;31,47;134,98;119,49;218,75;83,16;67,67;-15,49;5,22;1,08;4,78;0,61
135;2020-05-23;2020,0;5,0;23,0;2,92;17,69;17,79;31,41;164,36;148,87;728,38;56,69;41,2;-15,49;154,71;1,93;5,05;1,9
136;2020-05-24;2020,0;5,0;24,0;2,47;17,37;17,48;30,86;159,85;144,36;507,42;68,32;52,83;-15,49;99,35;1,54;4,91;1,53
137;2020-05-25;2020,0;5,0;25,0;1,28;17,11;17,22;30,92;205,23;189,74;303,14;108,79;93,3;-15,49;72,37;1,3;4,77;0,81
138;2020-05-26;2020,0;5,0;26,0;1,99;16,59;16,69;30,91;193,57;178,08;644,85;62,18;46,69;-15,49;145,56;1,69;5,2;1,26
139;2020-05-27;2020,0;5,0;27,0;2,28;16,03;16,14;30,52;168,84;153,35;316,0;94,32;93,22;-15,49;48,98;0,97;4,89;1,41
140;2020-05-28;2020,0;5,0;28,0;1,06;15,97;16,07;30,07;152,38;136,88;397,27;184,32;168,82;-15,5;47,25;1,19;4,48;0,66
141;2020-05-29;2020,0;5,0;29,0;1,59;16,26;16,37;30,61;147,53;132,03;271,72;63,91;48,41;-15,5;5,33;0,77;4,93;0,99
142;2020-05-30;2020,0;5,0;30,0;1,24;16,46;16,54;30,13;143,03;127,53;259,44;68,31;82,81;-15,5;2,23;0,96;4,06;0,79
143;2020-05-31;2020,0;5,0;31,0;1,06;16,02;16,13;29,68;184,62;169,12;356,0;85,11;69,61;-15,5;17,62;1,3;4,98;0,68
144;2020-06-01;2020,0;6,0;1,0;1,53;15,76;15,86;30,25;199,93;184,43;597,03;61,25;45,75;-15,5;74,87;1,47;5,2;0,97
145;2020-06-02;2020,0;6,0;2,0;1,51;15,28;15,38;29,31;173,95;158,45;401,56;61,47;45,97;-15,5;51,29;1,19;5,1;0,94
146;2020-06-03;2020,0;6,0;3,0;1,37;15,32;15,36;29,32;147,73;141,67;127,0;102,86;230,22;-15,5;13,2;0,93;4,5;0,84
147;2020-06-04;2020,0;6,0;4,0;0,91;15,24;;29,37;135,41;119,91;271,71;57,15;62,22;-15,5;20,36;0,88;4,61;0,59
148;2020-06-05;2020,0;6,0;5,0;1,18;15,23;;28,21;106,25;90,75;6256,56;230,86;215,36;-15,5;29,25;1,23;5,08;0,78
149;2020-06-06;2020,0;6,0;6,0;1,63;15,38;;24,71;112,96;97,46;12943,64;162,95;158,36;-15,5;37,29;1,53;5,53;1,04
150;2020-06-07;2020,0;6,0;7,0;1,08;15,38;;26,35;132,68;117,18;202,5;151,86;166,36;-15,5;7,57;1,52;4,97;0,66
151;2020-06-08;2020,0;6,0;8,0;0,7;15,63;;26,61;136,27;120,77;181,5;195,79;189,29;-15,5;10,77;1,73;4,43;0,43
152;2020-06-09;2020,0;6,0;9,0;0,59;15,68;;27,26;160,28;144,78;165,62;222,03;221,62;-15,5;20,21;1,61;4,85;0,37
153;2020-06-10;2020,0;6,0;10,0;0,64;15,4;;27,34;154,56;139,06;173,33;115,96;100,46;-15,5;16,08;2,17;5,27;0,41
154;2020-06-11;2020,0;6,0;11,0;0,68;15,91;;24,87;122,01;106,51;322,0;187,74;172,24;-15,5;6,11;2,57;4,53;0,44
155;2020-06-12;2020,0;6,0;12,0;1,0;15,93;;25,19;105,84;90,34;10763,5;200,68;185,18;-15,5;15,83;2,27;5,31;0,65
156;2020-06-13;2020,0;6,0;13,0;1,2;15,96;;27,6;181,79;166,29;455,14;62,81;57,6;-15,5;37,97;1,56;5,08;0,77
157;2020-06-14;2020,0;6,0;14,0;1,3;15,25;;29,25;191,87;176,37;525,0;59,82;44,32;-15,5;54,65;1,81;5,23;0,83
158;2020-06-15;2020,0;6,0;15,0;1,1;14,87;;28,91;141,52;126,02;402,63;169,58;154,08;-15,5;57,87;1,76;4,64;0,7
159;2020-06-16;2020,0;6,0;16,0;0,96;14,71;;24,9;132,12;116,62;615,33;198,38;231,74;-15,5;38,87;1,94;5,25;0,61
160;2020-06-17;2020,0;6,0;17,0;1,13;15,21;;22,63;114,57;99,07;586,06;191,41;215,11;-15,5;29,72;1,87;5,3;0,72
161;2020-06-18;2020,0;6,0;18,0;1,36;15,66;;22,53;131,38;115,88;1945,81;188,68;223,8;-15,5;31,94;1,9;5,25;0,84
162;2020-06-19;2020,0;6,0;19,0;0,93;15,71;;25,93;139,03;123,53;282,42;69,68;124,48;-15,5;33,65;2,1;4,95;0,58
163;2020-06-20;2020,0;6,0;20,0;0,83;15,88;;23,38;126,67;111,17;336,57;219,15;218,1;-15,5;32,93;2,28;5,03;0,53
164;2020-06-21;2020,0;6,0;21,0;0,87;16,09;;19,13;126,7;111,2;262,89;199,02;198,85;-15,5;38,66;2,12;5,22;0,56
165;2020-06-22;2020,0;6,0;22,0;0,91;16,21;;20,62;155,07;139,57;143,02;215,8;208,67;-15,5;64,58;2,51;4,88;0,59
166;2020-06-23;2020,0;6,0;23,0;0,82;16,35;;21,7;96,88;81,38;1685,64;196,74;185,31;-15,51;55,25;2,56;5,11;0,53
167;2020-06-24;2020,0;6,0;24,0;0,77;16,52;;22,36;113,74;98,23;247,59;168,94;190,67;-15,51;54,28;1,93;4,61;0,49
168;2020-06-25;2020,0;6,0;25,0;1,12;16,54;;27,1;159,54;144,03;376,67;151,76;142,38;-15,51;84,1;2,03;4,86;0,72
169;2020-06-26;2020,0;6,0;26,0;1,45;15,66;;29,66;195,75;180,24;451,72;65,02;125,15;-15,51;116,65;2,21;5,25;0,92
170;2020-06-27;2020,0;6,0;27,0;1,11;15,2;;29,65;181,84;166,33;378,95;67,13;73,05;-15,51;91,79;1,99;5,3;0,7
171;2020-06-28;2020,0;6,0;28,0;1,09;14,82;;29,16;173,54;158,03;212,2;65,45;85,07;-15,51;75,38;1,8;5,16;0,68
172;2020-06-29;2020,0;6,0;29,0;1,22;14,61;;28,96;141,34;125,83;204,29;150,25;187,96;-15,51;103,95;2,02;5,06;0,77
173;2020-06-30;2020,0;6,0;30,0;1,53;14,4;;25,13;135,41;125,13;448,42;199,48;202,64;-15,51;67,88;2,52;5,5;0,97
174;2020-07-01;2020,0;7,0;1,0;3,23;14,68;;28,91;177,31;161,8;16976,8;163,42;242,1;-15,51;267,07;3,04;5,39;2,09
175;2020-07-02;2020,0;7,0;2,0;2,9;14,01;;28,74;159,06;143,55;1787,18;67,58;96,57;-15,51;200,52;2,11;5,33;1,79
176;2020-07-03;2020,0;7,0;3,0;1,49;13,63;;28,76;168,18;152,67;276,25;106,18;90,67;-15,51;39,7;1,02;5,38;0,9
177;2020-07-04;2020,0;7,0;4,0;0,74;12,76;;25,3;138,79;123,28;1848,82;196,01;180,5;-15,51;82,98;1,75;5,5;0,45
178;2020-07-05;2020,0;7,0;5,0;0,56;12,95;;23,5;138,17;122,66;272,58;153,79;149,89;-15,51;25,71;1,42;4,68;0,36
179;2020-07-06;2020,0;7,0;6,0;1,06;13,6;;28,21;185,17;174,14;375,26;55,78;49,75;-15,51;27,11;1,22;5,69;0,68
180;2020-07-07;2020,0;7,0;7,0;1,32;13,4;;27,59;159,71;144,2;263,62;118,45;115,47;-15,51;50,17;1,15;5,72;0,86
181;2020-07-08;2020,0;7,0;8,0;1,74;12,86;13,11;22,52;142,87;127,36;369,53;210,53;263,87;-15,51;40,47;1,43;6,02;1,12
182;2020-07-09;2020,0;7,0;9,0;1,6;12,83;13,15;28,45;185,92;170,41;332,39;43,84;234,2;-15,51;104,9;1,5;5,79;1,01
183;2020-07-10;2020,0;7,0;10,0;1,16;12,21;;19,59;147,2;131,69;7137,5;191,23;175,72;-15,51;67,18;1,69;6,06;0,72
184;2020-07-11;2020,0;7,0;11,0;0,93;12,59;;21,18;157,96;142,45;272,29;169,6;206,59;-15,51;36,4;1,31;5,95;0,59
185;2020-07-12;2020,0;7,0;12,0;0,93;12,86;;20,26;151,54;136,03;354,72;175,19;169,41;-15,51;44,39;1,17;5,18;0,58
186;2020-07-13;2020,0;7,0;13,0;1,28;12,94;;27,55;188,86;173,35;290,83;72,8;129,09;-15,51;44,07;1,18;5,74;0,81
187;2020-07-14;2020,0;7,0;14,0;1,76;12,48;;28,99;184,11;168,6;411,76;68,75;194,45;-15,51;79,17;1,32;5,81;1,09
188;2020-07-15;2020,0;7,0;15,0;1,34;11,81;;25,43;174,83;159,32;298,21;147,95;169,86;-15,51;47,01;1,03;5,97;0,84
189;2020-07-16;2020,0;7,0;16,0;1,03;11,37;;18,35;155,2;139,69;10435,41;190,62;187,81;-15,51;78,09;1,58;6,18;0,66
190;2020-07-17;2020,0;7,0;17,0;1,11;11,67;;19,55;133,41;117,9;452,38;188,07;172,56;-15,51;65,78;1,43;6,01;0,72
191;2020-07-18;2020,0;7,0;18,0;0,98;12,43;;19,27;114,51;99,0;4292,78;183,44;167,93;-15,51;87,39;1,35;5,8;0,64
192;2020-07-19;2020,0;7,0;19,0;0,81;13,02;;19,29;113,73;98,22;4973,5;176,32;233,17;-15,51;66,18;1,24;5,36;0,52
193;2020-07-20;2020,0;7,0;20,0;0,65;14,28;;20,86;117,89;102,38;261,05;181,07;165,56;-15,51;57,88;1,14;4,66;0,42
194;2020-07-21;2020,0;7,0;21,0;0,52;13,68;;17,64;118,48;102,97;398,71;164,93;166,63;-15,51;53,24;1,11;5,0;0,34
195;2020-07-22;2020,0;7,0;22,0;0,95;13,83;;13,39;147,85;132,34;612,97;173,56;180,24;-15,52;14,36;1,07;5,41;0,61
196;2020-07-23;2020,0;7,0;23,0;1,6;14,11;;18,28;143,28;127,77;12060,75;201,65;186,14;-15,52;27,42;1,2;5,97;1,02
197;2020-07-24;2020,0;7,0;24,0;1,17;14,2;;21,56;148,94;133,42;439,44;187,64;209,62;-15,52;14,78;1,44;5,72;0,74
198;2020-07-25;2020,0;7,0;25,0;0,96;13,66;;25,0;203,93;188,41;424,41;113,77;108,84;-15,52;9,88;1,64;5,99;0,63
199;2020-07-26;2020,0;7,0;26,0;0,61;13,11;;25,87;176,23;160,71;476,67;111,45;95,93;-15,52;25,9;1,26;5,82;0,39
200;2020-07-27;2020,0;7,0;27,0;0,53;13,24;;17,98;130,82;115,3;2810,75;179,81;164,29;-15,52;21,25;1,3;6,03;0,34
201;2020-07-28;2020,0;7,0;28,0;0,97;12,99;;26,25;181,51;165,99;510,51;76,24;60,72;-15,52;23,56;1,37;5,88;0,63
202;2020-07-29;2020,0;7,0;29,0;1,09;12,66;;30,51;191,3;175,78;369,76;62,48;46,96;-15,52;43,23;1,51;5,72;0,7
203;2020-07-30;2020,0;7,0;30,0;1,13;12,24;;27,32;165,8;150,28;369,17;119,66;104,14;-15,52;20,96;1,08;5,87;0,71
204;2020-07-31;2020,0;7,0;31,0;1,17;12,35;;18,81;141,65;126,13;15153,9;197,8;182,28;-15,52;51,66;1,44;6,17;0,74
205;2020-08-01;2020,0;8,0;1,0;0,8;12,83;;19,09;127,25;111,73;447,92;183,7;168,18;-15,52;19,97;1,14;6,03;0,51
206;2020-08-02;2020,0;8,0;2,0;0,71;13,18;;18,5;135,59;120,07;3927,5;187,56;172,04;-15,52;26,52;1,3;5,98;0,44
207;2020-08-03;2020,0;8,0;3,0;0,58;13,95;;18,59;133,14;117,62;637,04;174,48;158,96;-15,52;18,57;1,15;5,82;0,37
208;2020-08-04;2020,0;8,0;4,0;0,67;13,7;;21,4;130,48;114,96;481,74;169,8;182,45;-15,52;18,53;1,03;5,75;0,42
209;2020-08-05;2020,0;8,0;5,0;0,79;14,1;;19,71;116,79;101,27;6669,74;182,11;166,59;-15,52;30,64;1,24;5,64;0,51
210;2020-08-06;2020,0;8,0;6,0;0,67;14,23;;21,12;121,32;105,8;500,29;178,99;168,64;-15,52;24,57;0,99;5,57;0,43
211;2020-08-07;2020,0;8,0;7,0;0,86;14,25;;24,57;150,41;134,89;178,84;157,67;142,15;-15,52;7,82;1,15;5,44;0,56
212;2020-08-08;2020,0;8,0;8,0;0,89;14,3;;25,7;145,18;129,66;360,5;135,65;120,13;-15,52;16,1;1,31;5,57;0,56
213;2020-08-09;2020,0;8,0;9,0;0,69;14,46;;21,18;121,3;105,78;2203,67;185,33;169,81;-15,52;59,52;1,42;5,67;0,44
214;2020-08-10;2020,0;8,0;10,0;0,56;14,99;;22,84;113,09;97,57;296,11;133,95;118,43;-15,52;31,82;1,17;5,33;0,36
215;2020-08-11;2020,0;8,0;11,0;1,21;13,63;;29,61;182,61;167,09;469,21;54,16;142,85;-15,52;45,36;1,21;5,52;0,78
216;2020-08-12;2020,0;8,0;12,0;1,19;13,52;;30,51;165,9;150,38;337,63;56,76;41,24;-15,52;53,5;1,23;5,25;0,73
217;2020-08-13;2020,0;8,0;13,0;0,96;13,79;;28,61;148,01;132,49;167,8;240,27;224,75;-15,52;23,26;1,6;5,26;0,61
218;2020-08-14;2020,0;8,0;14,0;0,84;13,98;;24,7;129,95;114,43;227,78;192,39;176,87;-15,52;15,19;1,59;4,89;0,54
219;2020-08-15;2020,0;8,0;15,0;0,85;14,17;;25,31;156,76;141,24;380,27;153,56;186,69;-15,52;27,51;1,82;3,95;0,55
220;2020-08-16;2020,0;8,0;16,0;0,87;13,79;;28,7;186,14;170,62;241,39;114,94;109,42;-15,52;38,74;1,66;5,56;0,55
221;2020-08-17;2020,0;8,0;17,0;0,67;14,13;;23,39;147,08;131,56;300,91;132,08;116,56;-15,52;46,07;3,3;5,48;0,41
222;2020-08-18;2020,0;8,0;18,0;0,82;13,95;;24,13;139,21;123,69;303,59;160,49;144,97;-15,52;39,63;3,11;5,9;0,51
223;2020-08-19;2020,0;8,0;19,0;1,43;13,7;;27,25;180,46;164,94;446,34;98,87;123,86;-15,52;71,58;2,78;5,84;0,92
224;2020-08-20;2020,0;8,0;20,0;1,57;13,0;;29,15;194,49;178,96;618,57;60,07;44,55;-15,53;89,59;2,8;5,76;1,01
225;2020-08-21;2020,0;8,0;21,0;1,23;12,5;;28,84;190,73;175,2;203,51;75,64;131,4;-15,53;76,44;3,05;5,06;0,78
226;2020-08-22;2020,0;8,0;22,0;0,91;12,54;;27,91;175,26;159,74;298,92;92,12;83,65;-15,53;70,76;2,64;5,16;0,57
227;2020-08-23;2020,0;8,0;23,0;0,77;12,83;;18,78;144,78;129,25;20687,6;199,17;183,64;-15,53;50,78;2,08;5,81;0,49
228;2020-08-24;2020,0;8,0;24,0;1,02;13,51;;18,22;111,02;95,49;38923,51;220,01;204,48;-15,53;60,27;2,14;6,07;0,67
229;2020-08-25;2020,0;8,0;25,0;1,33;13,98;;19,4;104,1;88,57;45370,21;224,52;208,99;-15,53;79,7;1,96;5,91;0,87
230;2020-08-26;2020,0;8,0;26,0;1,59;14,28;;20,01;105,8;90,27;8961,32;198,91;195,17;-15,53;62,34;1,67;5,66;1,02
231;2020-08-27;2020,0;8,0;27,0;1,41;14,71;;18,44;114,39;98,86;386,55;205,27;189,74;-15,53;56,52;1,86;5,36;0,89
232;2020-08-28;2020,0;8,0;28,0;0,96;15,05;;17,35;118,92;103,39;356,58;189,16;178,01;-15,53;67,22;1,45;5,44;0,6
233;2020-08-29;2020,0;8,0;29,0;0,92;14,74;;20,68;134,04;118,51;1584,15;168,24;179,05;-15,53;63,51;1,66;5,24;0,59
234;2020-08-30;2020,0;8,0;30,0;1,48;13,84;;28,61;182,13;166,6;654,63;41,83;78,98;-15,53;97,14;2,06;5,56;0,96
235;2020-08-31;2020,0;8,0;31,0;1,12;13,81;;28,18;172,01;156,48;370,95;60,14;44,61;-15,53;86,21;2,25;5,04;0,7
236;2020-09-01;2020,0;9,0;1,0;1,84;13,35;;29,18;160,96;145,43;357,05;54,3;38,77;-15,53;102,61;2,07;5,08;1,16
237;2020-09-02;2020,0;9,0;2,0;1,97;13,38;;24,6;129,25;113,72;21223,0;222,34;206,82;-15,53;171,03;2,34;5,66;1,29
238;2020-09-03;2020,0;9,0;3,0;1,37;13,62;;23,33;155,11;145,43;516,0;142,58;168,19;-15,53;96,51;2,02;5,55;0,85
239;2020-09-04;2020,0;9,0;4,0;1,03;13,79;;26,75;164,59;149,06;404,85;153,87;196,59;-15,53;142,45;1,49;3,53;0,64
240;2020-09-05;2020,0;9,0;5,0;0,85;13,74;;22,78;145,77;130,24;163,33;205,42;189,89;-15,53;155,0;1,53;4,43;0,54
241;2020-09-06;2020,0;9,0;6,0;1,16;13,94;;20,23;141,03;125,5;244,26;267,7;252,17;-15,53;155,74;2,02;5,57;0,75
242;2020-09-07;2020,0;9,0;7,0;1,38;14,09;;17,72;132,31;116,78;3278,51;205,2;189,67;-15,53;158,71;1,48;5,38;0,88
243;2020-09-08;2020,0;9,0;8,0;1,4;14,39;;16,53;124,56;109,03;6513,42;205,82;217,1;-15,53;156,84;1,74;5,65;0,9
244;2020-09-09;2020,0;9,0;9,0;1,38;14,5;;17,49;115,62;100,09;45140,79;224,69;219,06;-15,53;188,21;2,13;5,72;0,89
245;2020-09-10;2020,0;9,0;10,0;1,4;14,54;;22,21;140,46;124,93;6385,53;222,42;235,31;-15,53;161,89;1,73;4,96;0,88
246;2020-09-11;2020,0;9,0;11,0;1,11;14,65;;20,93;129,3;113,77;2223,85;184,61;169,08;-15,53;169,87;1,67;5,16;0,7
247;2020-09-12;2020,0;9,0;12,0;0,98;15,29;;14,37;147,24;131,71;4375,0;250,0;234,47;-15,53;165,05;3,44;5,34;0,62
248;2020-09-13;2020,0;9,0;13,0;1,05;14,96;;18,35;134,86;119,33;242,56;144,16;128,63;-15,53;166,71;3,64;5,03;0,66
249;2020-09-14;2020,0;9,0;14,0;1,38;14,4;;25,18;184,38;168,86;635,0;73,95;58,42;-15,53;144,46;2,11;5,33;0,89
250;2020-09-15;2020,0;9,0;15,0;1,11;14,02;;28,46;166,54;151,01;274,1;91,73;85,43;-15,53;156,5;1,74;4,92;0,71
251;2020-09-16;2020,0;9,0;16,0;0,91;14,96;;19,88;124,43;108,9;5527,78;180,16;164,63;-15,53;184,85;2,08;4,98;0,59
252;2020-09-17;2020,0;9,0;17,0;0,91;14,98;;21,28;136,62;121,09;234,38;93,21;140,31;-15,53;223,82;1,4;4,95;0,57
253;2020-09-18;2020,0;9,0;18,0;0,6;15,46;;17,27;139,23;123,7;8166,67;181,77;244,21;-15,54;188,4;1,3;5,26;0,37
254;2020-09-19;2020,0;9,0;19,0;1,15;15,2;;20,52;184,63;169,1;499,09;118,38;238,57;-15,54;153,25;1,94;5,55;0,75
255;2020-09-20;2020,0;9,0;20,0;1,48;14,22;;28,59;182,83;167,29;518,11;59,73;86,1;-15,54;147,15;1,82;5,37;0,93
256;2020-09-21;2020,0;9,0;21,0;1,94;14,08;;28,92;169,9;154,36;451,09;58,38;42,84;-15,54;157,44;1,74;5,34;1,19
257;2020-09-22;2020,0;9,0;22,0;1,45;14,34;;28,56;161,6;146,06;1449,23;132,73;159,8;-15,54;192,81;2,27;4,88;0,9
258;2020-09-23;2020,0;9,0;23,0;1,14;14,92;;20,11;146,25;130,71;28722,69;216,15;205,93;-15,54;205,6;2,46;4,79;0,72
259;2020-09-24;2020,0;9,0;24,0;0,79;15,13;;18,21;125,08;109,54;154,44;129,92;137,39;-15,54;240,13;1,64;4,51;0,51
260;2020-09-25;2020,0;9,0;25,0;0,66;15,66;;17,64;124,0;108,46;321,67;163,02;147,48;-15,54;227,85;1,57;5,01;0,42
261;2020-09-26;2020,0;9,0;26,0;0,71;15,69;;17,99;115,35;99,81;3519,68;187,05;186,77;-15,54;176,31;1,74;4,99;0,46
262;2020-09-27;2020,0;9,0;27,0;0,98;15,57;;18,31;103,6;88,06;15378,11;190,53;179,45;-15,54;152,89;1,68;5,06;0,64
263;2020-09-28;2020,0;9,0;28,0;0,96;14,94;;26,09;203,45;187,91;257,5;71,54;56,0;-15,54;143,74;1,4;5,23;0,62
264;2020-09-29;2020,0;9,0;29,0;1,02;15,31;;25,64;164,88;149,34;8496,22;176,43;194,86;-15,54;219,87;1,44;2,89;0,63
265;2020-09-30;2020,0;9,0;30,0;1,02;15,87;;21,9;145,01;129,47;9656,57;189,33;198,77;-15,54;208,03;1,56;1,06;0,64
266;2020-10-01;2020,0;10,0;1,0;0,84;15,82;;20,67;105,22;89,68;3068,33;192,24;193,48;-15,54;200,33;1,66;4,34;0,54
267;2020-10-02;2020,0;10,0;2,0;1,61;15,85;;21,98;144,7;129,16;331,25;155,82;189,16;-15,54;185,42;2,34;4,74;1,05
268;2020-10-03;2020,0;10,0;3,0;1,96;14,83;;28,08;164,61;149,07;506,33;49,18;146,06;-15,54;168,5;2,65;5,31;1,26
269;2020-10-04;2020,0;10,0;4,0;1,83;14,58;;26,46;142,02;126,48;6528,68;159,84;144,3;-15,54;183,66;2,66;5,1;1,19
270;2020-10-05;2020,0;10,0;5,0;1,62;15,24;;15,3;130,49;114,95;23633,82;210,4;228,86;-15,54;200,12;2,39;5,22;1,03
271;2020-10-06;2020,0;10,0;6,0;1,31;14,98;;26,39;182,9;167,36;324,0;70,81;55,27;-15,54;167,23;1,66;4,8;0,84
272;2020-10-07;2020,0;10,0;7,0;1,01;15,76;;24,8;152,53;136,99;438,41;180,01;179,47;-15,54;206,01;1,3;4,19;0,64
273;2020-10-08;2020,0;10,0;8,0;0,77;15,85;;21,39;152,31;136,77;236,14;239,66;234,15;-15,54;210,69;1,7;3,9;0,49
274;2020-10-09;2020,0;10,0;9,0;0,71;16,2;;18,91;155,23;139,69;346,41;161,18;164,13;-15,54;211,31;1,83;2,67;0,45
275;2020-10-10;2020,0;10,0;10,0;0,9;15,65;;19,78;192,38;176,84;219,74;97,23;185,9;-15,54;175,72;2,3;3,34;0,59
276;2020-10-11;2020,0;10,0;11,0;0,67;16,77;;19,34;127,7;112,16;24195,81;202,82;187,28;-15,54;223,76;2,09;4,67;0,44
277;2020-10-12;2020,0;10,0;12,0;0,96;16,8;;19,28;128,43;112,89;11459,09;133,23;183,14;-15,54;231,15;2,41;4,86;0,62
278;2020-10-13;2020,0;10,0;13,0;0,85;16,86;;21,2;146,51;130,97;244,36;196,04;180,5;-15,54;213,91;3,18;3,6;0,53
279;2020-10-14;2020,0;10,0;14,0;0,81;17,54;;18,12;135,93;120,39;300,34;185,19;180,93;-15,54;210,12;1,47;2,41;0,51
280;2020-10-15;2020,0;10,0;15,0;1,1;18,0;;18,08;135,24;119,7;345,31;171,27;155,73;-15,54;194,41;2,54;0,69;0,69
281;2020-10-16;2020,0;10,0;16,0;1,1;17,79;;19,03;124,87;109,33;19272,06;199,41;188,46;-15,54;186,07;2,52;0,12;0,7
282;2020-10-17;2020,0;10,0;17,0;1,12;17,25;;17,6;119,68;104,13;46340,0;225,0;250,71;-15,54;241,02;2,43;3,28;0,73
283;2020-10-18;2020,0;10,0;18,0;1,09;17,56;;18,32;109,98;94,43;15337,74;192,05;235,99;-15,54;233,22;1,75;2,73;0,71
284;2020-10-19;2020,0;10,0;19,0;1,09;18,08;;18,51;104,16;88,61;7355,19;186,31;246,75;-15,55;196,41;1,48;3,24;0,7
285;2020-10-20;2020,0;10,0;20,0;1,15;18,02;;20,3;128,08;112,53;286,29;269,52;277,07;-15,55;131,1;1,9;3,06;0,74
286;2020-10-21;2020,0;10,0;21,0;1,82;17,18;;26,76;143,05;127,5;285,75;93,85;114,3;-15,55;124,49;2,41;4,05;1,17
287;2020-10-22;2020,0;10,0;22,0;1,73;17,29;;24,0;124,96;109,41;11964,17;237,92;222,37;-15,55;147,19;2,62;4,24;1,12
288;2020-10-23;2020,0;10,0;23,0;1,48;17,87;;17,28;121,71;106,16;28634,19;207,15;212,83;-15,55;186,45;2,0;4,74;0,96
289;2020-10-24;2020,0;10,0;24,0;1,12;18,71;;19,11;115,73;100,18;350,29;201,28;202,01;-15,55;90,23;1,13;4,03;0,71
290;2020-10-25;2020,0;10,0;25,0;1,06;17,99;;20,8;106,19;90,64;484,85;198,91;192,56;-15,55;91,98;1,58;4,1;0,68
291;2020-10-26;2020,0;10,0;26,0;1,15;18,38;;20,21;108,88;93,33;14912,29;181,73;188,46;-15,55;189,56;1,71;3,46;0,74
292;2020-10-27;2020,0;10,0;27,0;1,52;16,04;;29,42;183,94;168,39;5085,94;61,84;46,29;-15,55;145,54;1,58;4,74;0,99
293;2020-10-28;2020,0;10,0;28,0;1,28;16,49;;29,68;152,13;136,58;351,36;47,57;56,57;-15,55;108,53;1,12;3,95;0,81
294;2020-10-29;2020,0;10,0;29,0;1,44;17,06;;29,16;184,89;169,34;657,86;48,84;33,29;-15,55;147,68;1,47;4,27;0,93
295;2020-10-30;2020,0;10,0;30,0;1,34;17,01;;29,17;178,77;163,22;529,74;54,95;39,4;-15,55;135,65;1,58;4,85;0,86
296;2020-10-31;2020,0;10,0;31,0;1,2;17,51;;29,16;145,36;129,81;126,49;205,25;189,7;-15,55;70,58;1,76;4,76;0,76
297;2020-11-01;2020,0;11,0;1,0;0,92;18,04;;28,9;145,46;129,91;81,85;278,41;302,56;-15,55;50,27;2,13;4,91;0,59
298;2020-11-02;2020,0;11,0;2,0;0,8;18,62;;28,02;156,17;140,62;178,0;187,22;210,07;-15,55;6,5;2,25;4,96;0,51
299;2020-11-03;2020,0;11,0;3,0;1,07;19,32;;22,42;135,65;120,1;551,74;230,7;215,15;-15,55;29,93;3,84;4,09;0,7
300;2020-11-04;2020,0;11,0;4,0;1,32;19,2;;18,8;140,08;124,53;549,05;228,13;224,05;-15,55;26,88;2,64;4,4;0,85
301;2020-11-05;2020,0;11,0;5,0;1,77;19,07;;18,26;132,99;117,44;654,36;212,01;213,27;-15,55;32,15;1,75;4,92;1,14
302;2020-11-06;2020,0;11,0;6,0;1,58;19,05;;18,36;120,6;105,05;563,04;211,56;196,01;-15,55;31,22;1,66;4,51;1,01
303;2020-11-07;2020,0;11,0;7,0;1,31;19,03;;19,11;114,03;98,48;565,95;203,29;203,03;-15,55;24,21;1,73;4,16;0,82
304;2020-11-08;2020,0;11,0;8,0;1,06;19,22;;21,06;116,23;100,68;415,26;219,53;211,0;-15,55;7,57;2,08;3,99;0,67
305;2020-11-09;2020,0;11,0;9,0;1,09;19,5;;18,65;117,46;101,91;629,76;210,81;198,81;-15,55;13,21;1,92;4,68;0,72
306;2020-11-10;2020,0;11,0;10,0;1,7;18,57;;22,9;114,88;99,33;1828,65;235,63;229,41;-15,55;26,01;1,9;4,37;1,11
307;2020-11-11;2020,0;11,0;11,0;1,85;18,04;;29,59;134,22;118,67;231,11;156,52;160,97;-15,55;10,22;1,41;4,4;1,18
308;2020-11-12;2020,0;11,0;12,0;1,27;18,53;;30,5;144,93;129,38;234,32;56,05;40,5;-15,55;9,54;1,31;4,56;0,8
309;2020-11-13;2020,0;11,0;13,0;1,0;19,38;;27,87;133,23;117,68;139,09;164,55;170,13;-15,55;4,76;1,45;4,02;0,64
310;2020-11-14;2020,0;11,0;14,0;0,93;19,96;;25,11;122,63;107,07;194,83;204,76;229,01;-15,55;5,28;1,49;4,51;0,6
311;2020-11-15;2020,0;11,0;15,0;0,79;21,04;;21,27;120,02;104,46;172,35;227,39;246,43;-15,55;4,53;1,99;4,55;0,51
312;2020-11-16;2020,0;11,0;16,0;0,9;21,14;;26,33;160,95;145,4;166,82;105,95;222,94;-15,55;6,48;1,84;4,98;0,58
313;2020-11-17;2020,0;11,0;17,0;1,1;20,53;;30,65;186,32;170,76;82,0;78,84;221,86;-15,56;15,61;1,08;4,53;0,71
314;2020-11-18;2020,0;11,0;18,0;0,88;21,05;;30,28;151,82;136,26;97,14;79,01;203,95;-15,56;9,08;0,9;4,28;0,56
315;2020-11-19;2020,0;11,0;19,0;0,72;21,29;;30,12;145,32;129,76;50,0;165,02;271,95;-15,56;6,8;1,02;4,05;0,46
316;2020-11-20;2020,0;11,0;20,0;1,09;21,45;;29,99;144,24;128,68;38,93;218,19;258,47;-15,56;5,6;1,38;4,37;0,7
317;2020-11-21;2020,0;11,0;21,0;1,01;21,88;;28,54;142,83;127,27;;;344,44;-15,56;14,6;1,9;3,78;0,65
318;2020-11-22;2020,0;11,0;22,0;0,98;21,5;;24,2;134,29;118,73;;;344,44;-15,56;6,4;3,33;2,98;0,61
319;2020-11-23;2020,0;11,0;23,0;0,98;21,11;;22,96;114,82;99,26;33009,56;228,9;216,19;-15,56;9,89;3,39;3,75;0,64
320;2020-11-24;2020,0;11,0;24,0;1,2;21,09;;21,77;102,3;86,74;46340,0;225,0;209,44;-15,56;38,72;2,99;3,71;0,79
321;2020-11-25;2020,0;11,0;25,0;1,02;22,19;;23,85;118,82;103,26;15480,56;217,58;222,36;-15,56;27,38;4,15;3,94;0,66
322;2020-11-26;2020,0;11,0;26,0;0,8;21,52;;30,58;130,32;114,76;59,66;138,07;122,51;-15,56;6,37;3,56;3,49;0,51
323;2020-11-27;2020,0;11,0;27,0;1,12;20,41;;31,98;134,06;118,5;31,08;156,2;155,93;-15,56;11,38;5,17;4,38;0,73
324;2020-11-28;2020,0;11,0;28,0;1,07;21,47;;29,95;106,26;90,7;20073,51;221,87;225,67;-15,56;22,37;6,35;4,0;0,7
325;2020-11-29;2020,0;11,0;29,0;0,96;22,58;;27,54;108,88;93,32;57,06;185,66;189,78;-15,56;6,07;7,31;3,82;0,61
326;2020-11-30;2020,0;11,0;30,0;1,14;22,12;;30,37;164,96;149,4;51,03;116,96;125,48;-15,56;12,47;9,98;3,99;0,74
327;2020-12-01;2020,0;12,0;1,0;1,06;21,68;;31,88;132,01;116,45;52,2;188,32;172,76;-15,56;16,47;12,19;3,97;0,69
328;2020-12-02;2020,0;12,0;2,0;1,11;22,33;;31,09;104,66;89,1;3502,44;269,23;259,86;-15,56;33,81;10,99;3,85;0,73
329;2020-12-03;2020,0;12,0;3,0;1,52;22,13;;29,54;138,7;123,14;11400,89;151,84;145,14;-15,56;16,59;10,02;3,79;0,99
330;2020-12-04;2020,0;12,0;4,0;1,27;22,1;;31,66;175,89;160,33;66,88;92,24;84,18;-15,56;27,88;9,91;3,11;0,82
331;2020-12-05;2020,0;12,0;5,0;1,56;21,72;;31,67;178,27;162,71;73,91;90,33;82,59;-15,56;27,26;6,52;3,07;0,99
332;2020-12-06;2020,0;12,0;6,0;1,22;21,91;;31,65;147,72;132,16;58,22;184,12;176,56;-15,56;12,55;5,7;3,47;0,76
333;2020-12-07;2020,0;12,0;7,0;1,58;21,71;;31,61;119,57;104,01;206,44;271,46;259,67;-15,56;43,54;3,85;3,35;1,03
334;2020-12-08;2020,0;12,0;8,0;1,46;21,26;;29,99;120,75;105,19;128,7;262,13;246,57;-15,56;16,67;4,29;3,83;0,94
335;2020-12-09;2020,0;12,0;9,0;0,99;22,09;;28,47;116,5;100,94;103,4;237,29;229,39;-15,56;8,03;4,7;2,89;0,63
336;2020-12-10;2020,0;12,0;10,0;0,73;22,64;;26,65;106,56;91,0;94,38;238,3;230,24;-15,56;8,09;5,88;2,51;0,47
337;2020-12-11;2020,0;12,0;11,0;0,96;22,98;;26,45;100,42;84,86;11038,42;231,97;225,89;-15,56;10,29;5,77;3,51;0,62
338;2020-12-12;2020,0;12,0;12,0;0,66;22,83;;26,18;127,29;111,73;110,71;189,41;186,7;-15,56;7,74;4,62;3,61;0,42
339;2020-12-13;2020,0;12,0;13,0;0,65;22,44;;28,9;127,15;111,58;307,92;187,14;171,57;-15,56;9,31;5,11;3,78;0,43
340;2020-12-14;2020,0;12,0;14,0;0,93;22,15;;32,36;188,88;173,32;348,1;91,0;92,58;-15,56;8,52;3,14;3,6;0,6
341;2020-12-15;2020,0;12,0;15,0;0,61;22,48;;32,06;115,66;100,09;253,95;231,58;216,02;-15,56;5,75;2,28;2,11;0,4
342;2020-12-16;2020,0;12,0;16,0;0,88;22,6;;31,96;122,98;107,41;121,67;193,19;192,62;-15,57;2,27;0,95;4,78;0,57
343;2020-12-17;2020,0;12,0;17,0;1,04;23,23;;32,44;128,93;113,36;284,04;250,99;235,42;-15,57;1,89;0,55;4,76;0,67
344;2020-12-18;2020,0;12,0;18,0;0,98;23,63;;31,37;106,04;90,47;2740,48;224,76;209,19;-15,57;8,23;1,22;4,65;0,64
345;2020-12-19;2020,0;12,0;19,0;1,12;23,92;;27,62;97,37;81,8;11355,0;208,54;192,97;-15,57;15,08;1,8;4,69;0,73
346;2020-12-20;2020,0;12,0;20,0;1,04;22,71;;32,88;198,71;183,14;384,32;74,95;69,11;-15,57;10,57;0,95;4,48;0,68
347;2020-12-21;2020,0;12,0;21,0;1,37;22,35;;32,69;197,63;182,06;478,04;53,21;37,64;-15,57;16,65;1,17;4,55;0,88
348;2020-12-22;2020,0;12,0;22,0;1,4;22,46;;32,64;170,26;154,69;73,24;177,92;162,35;-15,57;8,58;0,95;4,59;0,87
349;2020-12-23;2020,0;12,0;23,0;1,18;22,62;;32,48;131,74;116,17;231,86;234,23;218,66;-15,57;4,86;1,05;4,62;0,74
350;2020-12-24;2020,0;12,0;24,0;1,23;23,16;;30,94;106,19;90,62;7704,22;229,44;216,71;-15,57;16,57;1,74;4,58;0,81
351;2020-12-25;2020,0;12,0;25,0;1,22;23,69;;26,15;108,72;93,15;38407,83;222,91;207,34;-15,57;17,1;1,59;4,44;0,8
352;2020-12-26;2020,0;12,0;26,0;1,22;23,65;;23,02;107,67;92,1;12968,96;209,83;194,26;-15,57;14,19;1,28;4,57;0,79
353;2020-12-27;2020,0;12,0;27,0;1,3;24,04;;22,39;113,14;97,57;4734,65;206,88;191,31;-15,57;7,88;1,14;4,69;0,84
354;2020-12-28;2020,0;12,0;28,0;1,21;24,3;;21,8;113,92;98,35;5594,67;200,17;184,6;-15,57;12,94;1,33;4,42;0,78
355;2020-12-29;2020,0;12,0;29,0;1,12;24,82;;21,91;125,72;110,15;390,0;200,6;185,03;-15,57;6,11;1,47;3,64;0,7
356;2020-12-30;2020,0;12,0;30,0;0,68;24,63;;29,39;119,13;103,56;283,33;221,72;206,15;-15,57;4,96;1,38;4,07;0,44
357;2020-12-31;2020,0;12,0;31,0;0,97;23,41;;34,35;200,71;185,14;201,28;78,04;70,13;-15,57;9,1;1,32;4,43;0,64
